{"packages/cupertino_icons/assets/CupertinoIcons.ttf":["packages/cupertino_icons/assets/CupertinoIcons.ttf"],"packages/flutter_map/lib/assets/flutter_map_logo.png":["packages/flutter_map/lib/assets/flutter_map_logo.png"],"packages/media_kit/assets/web/hls1.4.10.js":["packages/media_kit/assets/web/hls1.4.10.js"],"packages/record_web/assets/js/record.fixwebmduration.js":["packages/record_web/assets/js/record.fixwebmduration.js"],"packages/record_web/assets/js/record.worklet.js":["packages/record_web/assets/js/record.worklet.js"],"packages/wakelock_plus/assets/no_sleep.js":["packages/wakelock_plus/assets/no_sleep.js"]}